location,avg_temperature,avg_humidity
BuildingB_Floor2,25.634345991561176,55.474345991561194
BuildingB_Floor1,25.072151394422328,53.899601593625505
BuildingA_Floor1,24.89658914728681,56.446240310077485
BuildingA_Floor2,24.541062992125994,55.242559055118136
