sensor_id,avg_temp,rank_temp
1095,31.003999999999998,1
1096,30.235714285714284,2
1015,30.103999999999996,3
1087,30.042,4
1019,29.8,5
